-- phpMyAdmin SQL Dump
-- version 5.1.0
-- https://www.phpmyadmin.net/
--
-- Servidor: 127.0.0.1
-- Tiempo de generación: 14-07-2021 a las 02:47:21
-- Versión del servidor: 10.4.19-MariaDB
-- Versión de PHP: 7.3.28

SET SQL_MODE = "NO_AUTO_VALUE_ON_ZERO";
START TRANSACTION;
SET time_zone = "+00:00";


/*!40101 SET @OLD_CHARACTER_SET_CLIENT=@@CHARACTER_SET_CLIENT */;
/*!40101 SET @OLD_CHARACTER_SET_RESULTS=@@CHARACTER_SET_RESULTS */;
/*!40101 SET @OLD_COLLATION_CONNECTION=@@COLLATION_CONNECTION */;
/*!40101 SET NAMES utf8mb4 */;

--
-- Base de datos: `toys_bd`
--

-- --------------------------------------------------------

--
-- Estructura de tabla para la tabla `cliente`
--

CREATE TABLE `cliente` (
  `cli_id` int(11) NOT NULL,
  `cli_nombre` varchar(60) NOT NULL,
  `user_id` int(11) NOT NULL,
  `cli_correo` varchar(50) NOT NULL,
  `cli_apellido` varchar(50) NOT NULL,
  `cli_nit` varchar(30) NOT NULL,
  `cli_std` smallint(1) NOT NULL DEFAULT 1
) ENGINE=InnoDB DEFAULT CHARSET=utf8mb4;

--
-- Volcado de datos para la tabla `cliente`
--

INSERT INTO `cliente` (`cli_id`, `cli_nombre`, `user_id`, `cli_correo`, `cli_apellido`, `cli_nit`, `cli_std`) VALUES
(1254563, 'Mariana', 1, 'macheste9803@gmail.com', 'Gutierrez', '1001851382', 1);

-- --------------------------------------------------------

--
-- Estructura de tabla para la tabla `marcas`
--

CREATE TABLE `marcas` (
  `ma_id` int(11) NOT NULL,
  `ma_nombre` varchar(45) NOT NULL,
  `ma_active` varchar(10) NOT NULL DEFAULT 'SI'
) ENGINE=InnoDB DEFAULT CHARSET=utf8mb4;

--
-- Volcado de datos para la tabla `marcas`
--

INSERT INTO `marcas` (`ma_id`, `ma_nombre`, `ma_active`) VALUES
(1, 'TOYS', 'SI'),
(2, 'LEGO', 'SI'),
(3, 'MATEL', 'SI');

-- --------------------------------------------------------

--
-- Estructura de tabla para la tabla `perfiles`
--

CREATE TABLE `perfiles` (
  `per_id` int(11) NOT NULL,
  `per_nombre` varchar(155) NOT NULL
) ENGINE=InnoDB DEFAULT CHARSET=utf8mb4;

--
-- Volcado de datos para la tabla `perfiles`
--

INSERT INTO `perfiles` (`per_id`, `per_nombre`) VALUES
(1, 'LEGO'),
(2, 'MATTEL');

-- --------------------------------------------------------

--
-- Estructura de tabla para la tabla `products`
--

CREATE TABLE `products` (
  `prd_id` int(11) NOT NULL,
  `prd_nombre` varchar(165) NOT NULL,
  `prd_cost` decimal(30,2) NOT NULL,
  `prd_price` decimal(30,2) NOT NULL,
  `prd_stock` int(10) NOT NULL,
  `ma_id` int(11) DEFAULT NULL,
  `pro_id` int(11) DEFAULT NULL,
  `url_prod` varchar(500) NOT NULL DEFAULT '',
  `prd_std` smallint(1) NOT NULL DEFAULT 1
) ENGINE=InnoDB DEFAULT CHARSET=utf8mb4;

--
-- Volcado de datos para la tabla `products`
--

INSERT INTO `products` (`prd_id`, `prd_nombre`, `prd_cost`, `prd_price`, `prd_stock`, `ma_id`, `pro_id`, `url_prod`, `prd_std`) VALUES
(1, 'MUÑECO 1', '100.00', '2500.00', 8, 1, 1, 'Imagen1.jpg', 1),
(2, 'MUÑECO 2', '500.00', '2500.00', 10, 2, 1, 'Imagen2.jpg', 1),
(3, 'MUÑECO 3', '300.00', '8000.00', 5, 1, 1, 'Imagen3.jpg', 1),
(4, 'MUÑECO 4', '500.00', '2500.00', 3, 3, 1, 'Imagen4.jpg', 1),
(5, 'MUÑECO 5', '630.00', '7500.00', 1, 1, 1, 'Imagen5.jpg', 1),
(6, 'MUÑECO 6', '893.00', '8900.00', 10, 1, 1, 'Imagen6.jpg', 1),
(7, 'MUÑECO 7', '790.00', '9000.00', 10, 2, 1, 'Imagen7.jpg', 1),
(8, 'MUÑECO 8', '678.00', '99000.00', 10, 1, 1, 'Imagen8.jpg', 1),
(9, 'MUÑECO 9', '8909.00', '98000.00', 10, 3, 1, 'Imagen9.jpg', 1),
(10, 'MUÑECO VIEJO', '51000.00', '12000.00', 92, 2, 1, 'Image3.jpg', 1),
(12, 'PRUEBA :)', '51000.00', '12000.00', 92, 2, 1, 'Image3.jpg', 1);

-- --------------------------------------------------------

--
-- Estructura de tabla para la tabla `products_ventas`
--

CREATE TABLE `products_ventas` (
  `products_prd_id` int(10) NOT NULL,
  `ventas_ven_id` int(10) NOT NULL,
  `venta_tipo` varchar(30) NOT NULL,
  `pv_update` timestamp NOT NULL DEFAULT current_timestamp()
) ENGINE=InnoDB DEFAULT CHARSET=utf8mb4;

-- --------------------------------------------------------

--
-- Estructura de tabla para la tabla `proveedores`
--

CREATE TABLE `proveedores` (
  `pro_id` int(11) NOT NULL,
  `pro_nit` varchar(30) NOT NULL,
  `pro_nombre` varchar(256) DEFAULT NULL
) ENGINE=InnoDB DEFAULT CHARSET=utf8mb4;

--
-- Volcado de datos para la tabla `proveedores`
--

INSERT INTO `proveedores` (`pro_id`, `pro_nit`, `pro_nombre`) VALUES
(1, '12345658', 'LEGOS');

-- --------------------------------------------------------

--
-- Estructura de tabla para la tabla `users`
--

CREATE TABLE `users` (
  `user_id` int(11) NOT NULL,
  `user_nombre` varchar(200) NOT NULL,
  `user_email` varchar(165) DEFAULT NULL,
  `user_pass` varchar(200) NOT NULL,
  `user_active` varchar(10) NOT NULL,
  `per_id` int(11) NOT NULL,
  `user_update` timestamp NOT NULL DEFAULT current_timestamp(),
  `user_std` smallint(1) NOT NULL DEFAULT 1
) ENGINE=InnoDB DEFAULT CHARSET=utf8mb4;

--
-- Volcado de datos para la tabla `users`
--

INSERT INTO `users` (`user_id`, `user_nombre`, `user_email`, `user_pass`, `user_active`, `per_id`, `user_update`, `user_std`) VALUES
(1, 'usuario 1', 'd@d.com', '12345', 'si', 1, '2021-07-02 16:21:10', 1),
(2, 'usuario 2', 'd2@d.com', '12345', 'si', 1, '2021-07-02 16:22:26', 1),
(3, 'usuario 3', 'd3@d.com', '12345', 'si', 1, '2021-07-02 16:22:26', 1),
(4, 'usuario 4', 'd4@d.com', '12345', 'si', 1, '2021-07-02 16:22:26', 1),
(5, 'usuario 5', 'd5@d.com', '12345', 'si', 1, '2021-07-02 16:22:26', 1),
(6, 'usuario 6', 'd6@d.com', '12345', 'si', 1, '2021-07-02 16:22:26', 1);

-- --------------------------------------------------------

--
-- Estructura de tabla para la tabla `ventas`
--

CREATE TABLE `ventas` (
  `ven_id` int(11) NOT NULL,
  `ven_factura` varchar(45) NOT NULL,
  `ven_valor` varchar(45) DEFAULT NULL,
  `ven_cant` int(11) NOT NULL DEFAULT 1,
  `cli_id` int(10) NOT NULL,
  `ven_tipo` varchar(30) NOT NULL,
  `id_user` int(11) NOT NULL,
  `ven_update` timestamp NOT NULL DEFAULT current_timestamp()
) ENGINE=InnoDB DEFAULT CHARSET=utf8mb4;

--
-- Volcado de datos para la tabla `ventas`
--

INSERT INTO `ventas` (`ven_id`, `ven_factura`, `ven_valor`, `ven_cant`, `cli_id`, `ven_tipo`, `id_user`, `ven_update`) VALUES
(101526, '56822152', '300000', 1, 1254563, 'xxxx', 4, '2021-07-14 00:23:42');

--
-- Índices para tablas volcadas
--

--
-- Indices de la tabla `cliente`
--
ALTER TABLE `cliente`
  ADD PRIMARY KEY (`cli_id`),
  ADD UNIQUE KEY `cli_nit` (`cli_nit`),
  ADD KEY `user_id` (`user_id`);

--
-- Indices de la tabla `marcas`
--
ALTER TABLE `marcas`
  ADD PRIMARY KEY (`ma_id`),
  ADD UNIQUE KEY `ma_nombre` (`ma_nombre`);

--
-- Indices de la tabla `perfiles`
--
ALTER TABLE `perfiles`
  ADD PRIMARY KEY (`per_id`);

--
-- Indices de la tabla `products`
--
ALTER TABLE `products`
  ADD PRIMARY KEY (`prd_id`),
  ADD UNIQUE KEY `prd_nombre` (`prd_nombre`),
  ADD KEY `ma_id` (`ma_id`),
  ADD KEY `pro_id` (`pro_id`);

--
-- Indices de la tabla `products_ventas`
--
ALTER TABLE `products_ventas`
  ADD KEY `products_prd_id` (`products_prd_id`),
  ADD KEY `ventas_ven_id` (`ventas_ven_id`),
  ADD KEY `venta_tipo` (`venta_tipo`);

--
-- Indices de la tabla `proveedores`
--
ALTER TABLE `proveedores`
  ADD PRIMARY KEY (`pro_id`),
  ADD UNIQUE KEY `pro_nit` (`pro_nit`);

--
-- Indices de la tabla `users`
--
ALTER TABLE `users`
  ADD PRIMARY KEY (`user_id`),
  ADD UNIQUE KEY `user_email` (`user_email`),
  ADD KEY `per_id` (`per_id`);

--
-- Indices de la tabla `ventas`
--
ALTER TABLE `ventas`
  ADD PRIMARY KEY (`ven_id`,`ven_factura`,`ven_tipo`),
  ADD KEY `cli_id` (`cli_id`),
  ADD KEY `id_user` (`id_user`),
  ADD KEY `ven_factura` (`ven_factura`),
  ADD KEY `ven_tipo` (`ven_tipo`);

--
-- AUTO_INCREMENT de las tablas volcadas
--

--
-- AUTO_INCREMENT de la tabla `cliente`
--
ALTER TABLE `cliente`
  MODIFY `cli_id` int(11) NOT NULL AUTO_INCREMENT, AUTO_INCREMENT=1254564;

--
-- AUTO_INCREMENT de la tabla `marcas`
--
ALTER TABLE `marcas`
  MODIFY `ma_id` int(11) NOT NULL AUTO_INCREMENT, AUTO_INCREMENT=6;

--
-- AUTO_INCREMENT de la tabla `perfiles`
--
ALTER TABLE `perfiles`
  MODIFY `per_id` int(11) NOT NULL AUTO_INCREMENT, AUTO_INCREMENT=4;

--
-- AUTO_INCREMENT de la tabla `products`
--
ALTER TABLE `products`
  MODIFY `prd_id` int(11) NOT NULL AUTO_INCREMENT, AUTO_INCREMENT=13;

--
-- AUTO_INCREMENT de la tabla `proveedores`
--
ALTER TABLE `proveedores`
  MODIFY `pro_id` int(11) NOT NULL AUTO_INCREMENT, AUTO_INCREMENT=4;

--
-- AUTO_INCREMENT de la tabla `users`
--
ALTER TABLE `users`
  MODIFY `user_id` int(11) NOT NULL AUTO_INCREMENT, AUTO_INCREMENT=7;

--
-- Restricciones para tablas volcadas
--

--
-- Filtros para la tabla `cliente`
--
ALTER TABLE `cliente`
  ADD CONSTRAINT `cliente_ibfk_1` FOREIGN KEY (`user_id`) REFERENCES `users` (`user_id`) ON DELETE CASCADE ON UPDATE CASCADE;

--
-- Filtros para la tabla `products`
--
ALTER TABLE `products`
  ADD CONSTRAINT `products_ibfk_1` FOREIGN KEY (`ma_id`) REFERENCES `marcas` (`ma_id`) ON DELETE CASCADE ON UPDATE CASCADE,
  ADD CONSTRAINT `products_ibfk_2` FOREIGN KEY (`pro_id`) REFERENCES `proveedores` (`pro_id`) ON DELETE CASCADE ON UPDATE CASCADE;

--
-- Filtros para la tabla `products_ventas`
--
ALTER TABLE `products_ventas`
  ADD CONSTRAINT `products_ventas_ibfk_1` FOREIGN KEY (`ventas_ven_id`) REFERENCES `ventas` (`ven_id`) ON DELETE CASCADE ON UPDATE CASCADE,
  ADD CONSTRAINT `products_ventas_ibfk_2` FOREIGN KEY (`venta_tipo`) REFERENCES `ventas` (`ven_tipo`) ON DELETE CASCADE ON UPDATE CASCADE;

--
-- Filtros para la tabla `users`
--
ALTER TABLE `users`
  ADD CONSTRAINT `users_ibfk_1` FOREIGN KEY (`per_id`) REFERENCES `perfiles` (`per_id`) ON DELETE CASCADE ON UPDATE CASCADE;

--
-- Filtros para la tabla `ventas`
--
ALTER TABLE `ventas`
  ADD CONSTRAINT `ventas_ibfk_1` FOREIGN KEY (`cli_id`) REFERENCES `cliente` (`cli_id`) ON DELETE CASCADE ON UPDATE CASCADE,
  ADD CONSTRAINT `ventas_ibfk_2` FOREIGN KEY (`id_user`) REFERENCES `users` (`user_id`) ON DELETE CASCADE ON UPDATE CASCADE;
COMMIT;

/*!40101 SET CHARACTER_SET_CLIENT=@OLD_CHARACTER_SET_CLIENT */;
/*!40101 SET CHARACTER_SET_RESULTS=@OLD_CHARACTER_SET_RESULTS */;
/*!40101 SET COLLATION_CONNECTION=@OLD_COLLATION_CONNECTION */;
